{
  "1":"{\"type\":\"newPoint1\",\"description\":\"hoho1\",\"coords\":{\"lat\":32.15668153179874,\"lng\":34.76687908172608}}",
  "2":"{\"type\":\"newPoint2\",\"description\":\"hoho2\",\"coords\":{\"lat\":32.14562384856561,\"lng\":34.75387573242188}}",
  "3":"{\"type\":\"newPoint3\",\"description\":\"hoho3\",\"coords\":{\"lat\":32.16046411667274,\"lng\":34.772758483886726}}"
}